{
  "reward": 1.2818386665303476,
  "si_sdr": 8.923311676454357,
  "si_sdr_gain": 0.3344811562045007,
  "stoi": 0.8467832296160331,
  "estoi": 0.6902387672433298
}